{"cameraMode":{"drawMode":0,"name":"Shaded","section":"Shading Mode"},"sceneLighting":true,"audioPlay":false,"sceneViewState":{"showFog":true,"showMaterialUpdate":false,"showSkybox":true,"showFlares":true,"showImageEffects":true,"showParticleSystems":true},"in2DMode":false,"pivot":{"x":0.404541015625,"y":1.655059814453125,"z":0.2724609375},"rotation":{"x":-0.003255759831517935,"y":-0.9892284870147705,"z":0.02226121351122856,"w":-0.1446578949689865},"size":4.438130855560303,"orthographic":true}